N;time_shared;time_warp;time_warp_adapt;time_dot;time_cpuref
100;0.000113;6.4e-05;6.3e-05;6.2e-05;1e-06
10000;0.000121;9.3e-05;0.0001;6.1e-05;9.8e-05
1000000;0.000157;0.000141;0.000808;6.3e-05;0.011224
100000000;0.006354;0.005244;0.043338;0.003294;0.93042
