N;time_shared;time_warp;time_warp_adapt;time_dot;time_cpuref;time_cublas
100;5.4e-05;3.9e-05;3.3e-05;3.7e-05;2e-06;4.4e-05
1000;5.8e-05;4.1e-05;4.1e-05;3.9e-05;9e-06;3.7e-05
10000;6.2e-05;5.4e-05;5.4e-05;3.9e-05;8.7e-05;5e-05
100000;0.00015;0.000134;0.000268;4.6e-05;0.000937;6.3e-05
1000000;0.0001;8.8e-05;0.000475;5.1e-05;0.012787;5.8e-05
10000000;0.00071;0.000544;0.00446;0.000344;0.092595;0.000344
100000000;0.005786;0.00471;0.039873;0.003284;0.94492;0.003265
