p;N;runtime;residual;iterations
10;100;0.014589;2.65694e+07;12
100;10000;0.054664;7.90786e+75;152
500;250000;1.61117;-nan;818
1000;1000000;12.7248;-nan;1002
