p;N;runtime;residual;iterations
10;100;1e-05;1.75842e-05;12
100;10000;0.013327;2.72919e-06;152
500;250000;2.76324;6.25921e-07;818
1000;1000000;13.7242;0.04207;1001
