N;K;time_single;time_rm_stacked;time_cm_stacked
1000;3;0.017057;1.8e-05;1e-05
1000;5;1.6e-05;1.2e-05;1e-05
1000;9;1.4e-05;1e-05;1e-05
1000;15;1.8e-05;1e-05;1e-05
100000;3;1.7e-05;1e-05;1e-05
100000;5;1.6e-05;1e-05;9e-06
100000;9;1.9e-05;1e-05;9e-06
100000;15;2.1e-05;1e-05;1.1e-05
1000000;3;0.005935;0.003892;0.004072
1000000;5;0.004851;0.006646;0.007309
1000000;9;0.007487;0.011696;0.012393
1000000;15;0.011428;0.020518;0.021139
