N;K;time_single;time_rm_stacked;time_cm_stacked
100;2;7.7e-05;5.1e-05;6.6e-05
100;4;0.00011;8.4e-05;9.2e-05
100;8;0.000206;0.000151;0.000136
100;16;0.000407;0.000275;0.000259
10000;2;0.000223;0.000125;0.000153
10000;4;0.000278;0.000251;0.000316
10000;8;0.000452;0.000436;0.000675
10000;16;0.000806;0.000822;0.001508
1000000;2;0.003337;0.002743;0.002909
1000000;4;0.004171;0.005211;0.005525
1000000;8;0.006849;0.010556;0.010996
1000000;16;0.012135;0.020767;0.022625
