N;time_shared;time_warp;time_warp_adapt;time_dot;time_cpuref;time_cublas
100;6.5e-05;4.2e-05;4.2e-05;4.4e-05;1e-06;8e-05
1000;6.1e-05;4.9e-05;4.2e-05;3.3e-05;2.7e-05;5.5e-05
10000;8.2e-05;5.8e-05;5.4e-05;4.4e-05;8.1e-05;4.6e-05
100000;0.000154;0.000134;0.000289;4.9e-05;0.001048;7.8e-05
1000000;0.000123;8.3e-05;0.000485;5.1e-05;0.011638;7.1e-05
10000000;0.00072;0.000552;0.004467;0.00035;0.1068;0.000382
100000000;0.006346;0.005246;0.042593;0.003292;0.950613;0.003277
