N;time_shared;time_warp;time_warp_adapt;time_dot;time_cpuref;time_cublas
100;6.1e-05;3.4e-05;3.9e-05;3.4e-05;2e-06;7e-05
1000;5.7e-05;4.3e-05;4.3e-05;4.2e-05;9e-06;4.6e-05
10000;6.8e-05;5.8e-05;5.9e-05;3.3e-05;8.5e-05;4.5e-05
100000;0.000153;0.000139;0.00029;4.4e-05;0.001792;8.7e-05
1000000;0.000103;8.3e-05;0.000488;5e-05;0.009333;7.5e-05
10000000;0.000712;0.000544;0.00446;0.000351;0.093911;0.000376
100000000;0.005789;0.004719;0.040091;0.003296;0.974366;0.003271
