N;sum;abs_sum;sqr_sum;mod_max;min;max;z_entries
7;-545.5;12785.5;488096;100;-99;100;10
7;264.5;1.25696e+06;4.26046e+08;1000;-999;1000;10
7;-26945.5;1.25045e+08;4.17457e+11;10000;-9999;10000;10
7;112870;1.25006e+10;4.16756e+14;100000;-99999;100000;10
7;2.76975e+06;1.25e+12;4.16675e+17;1e+06;-999999;1e+06;10
7;-4.23402e+07;1.25e+14;4.16667e+20;1e+07;-1e+07;1e+07;10
7;-4.67996e+08;1.25e+16;4.16667e+23;1e+08;-1e+08;1e+08;10
