N;vec_init_time;dot_time;memcpy_time;dot_result
10;0.328194;9.3e-05;9e-06;-30
100;0.000175;9e-05;9e-06;-300
1000;0.000249;0.000102;9e-06;-3000
10000;0.000539;0.000126;9e-06;-30000
100000;0.004019;0.000169;1e-05;-300000
1000000;0.0425;0.000759;9e-06;-3e+06
10000000;0.355654;0.002872;9e-06;-3e+07
