N;blocks;block_size;tests_done;total_time;time_per_test;check
256
256;256;256;10;0.000986;9.86e-05;0
1000
1000;256;256;10;0.000996;9.96e-05;0
10000
10000;256;256;10;0.001037;0.0001037;0
100000
100000;256;256;10;0.00114;0.000114;0
1000000
1000000;256;256;10;0.002278;0.0002278;0
10000000
10000000;256;256;10;0.015412;0.0015412;0
100000000
100000000;256;256;10;0.140979;0.0140979;0
1000000000