M;compile_time;create_time
1;0.061347;1.5e-05
10;0.141244;1.6e-05
20;0.154719;1.9e-05
30;0.154749;2e-05
40;0.154271;2e-05
50;0.158377;1.8e-05
60;0.145178;1.5e-05
70;0.14161;1.5e-05
80;0.143643;1.4e-05
90;0.143306;1.5e-05
100;0.143584;1.5e-05
