N;target;local_size;global_size;ocl_time;cpu_time;total_time;dot
256;GPU;128;16384;2.6e-05;9e-06;3.5e-05;512
1000;GPU;128;16384;2.6e-05;9e-06;3.5e-05;2000
10000;GPU;128;16384;2.8e-05;9e-06;3.7e-05;20000
100000;GPU;128;16384;2.8e-05;1.4e-05;4.2e-05;200000
1000000;GPU;128;16384;8.5e-05;6.9e-05;0.000154;2e+06
10000000;GPU;128;16384;0.000676;0.000591;0.001267;2e+07
100000000;GPU;128;16384;0.006479;0.006027;0.012506;2e+08
