N;target;local_size;global_size;ocl_time;cpu_time;total_time;dot
256;CPU;128;16384;5.4e-05;9e-06;6.3e-05;512
1000;CPU;128;16384;4.7e-05;9e-06;5.6e-05;2000
10000;CPU;128;16384;5.1e-05;1e-05;6.1e-05;20000
100000;CPU;128;16384;5.5e-05;1.6e-05;7.1e-05;200000
1000000;CPU;128;16384;0.000766;6.9e-05;0.000835;2e+06
10000000;CPU;128;16384;0.009857;0.000672;0.010529;2e+07
100000000;CPU;128;16384;0.224652;0.006187;0.230839;2e+08
