M;compile_time;create_time
1;0.001081;1.1e-05
10;0.000338;1.1e-05
20;0.000677;1.1e-05
30;0.000738;1.6e-05
40;0.001025;1.3e-05
50;0.001219;1.2e-05
60;0.001465;1.2e-05
70;0.001624;1.2e-05
80;0.001904;1.2e-05
90;0.002018;1.3e-05
100;0.002302;1.3e-05
