N;target;local_size;global_size;ocl_time;cpu_time;total_time;dot
256;GPU;128;16384;2.6e-05;9e-06;3.5e-05;512
1000;GPU;128;16384;2.6e-05;8e-06;3.4e-05;2000
10000;GPU;128;16384;2.6e-05;9e-06;3.5e-05;20000
100000;GPU;128;16384;3e-05;2.8e-05;5.8e-05;200000
1000000;GPU;128;16384;8.7e-05;7.7e-05;0.000164;2e+06
10000000;GPU;128;16384;0.000672;0.00059;0.001262;2e+07
100000000;GPU;128;16384;0.006472;0.008104;0.014576;2e+08
