N;K;time_single;time_rm_stacked;time_cm_stacked
100;3;0.000111;9.8e-05;8.2e-05
100;5;0.000155;0.000118;0.000117
100;9;0.000249;0.000181;0.000168
100;15;0.000418;0.000273;0.000245
10000;3;0.000273;0.0002;0.000252
10000;5;0.000328;0.00031;0.000428
10000;9;0.000514;0.000516;0.000789
10000;15;0.000758;0.000807;0.001449
1000000;3;0.00426;0.004073;0.004163
1000000;5;0.004844;0.006624;0.006922
1000000;9;0.007514;0.012025;0.012445
1000000;15;0.011426;0.019859;0.021601
